type_dengue,date,year,month,number,Year,Month,Day,Daily Rainfall Total (mm),Highest 30 Min Rainfall (mm),Highest 60 Min Rainfall (mm),Highest 120 Min Rainfall (mm),Mean Temperature (°C),Maximum Temperature (°C),Minimum Temperature (°C),Mean Wind Speed (km/h),Max Wind Speed (km/h),week
Dengue,2014-01-06,2014,1,436.0,2014,1,6,31.2,10.0,10.8,11.6,25.3,27.1,23.9,6.1,25.6,2
DHF,2014-01-06,2014,1,1.0,2014,1,6,31.2,10.0,10.8,11.6,25.3,27.1,23.9,6.1,25.6,2
Dengue,2014-01-13,2014,1,479.0,2014,1,13,0.0,0.0,0.0,0.0,26.9,30.3,25.4,14.6,40.0,3
DHF,2014-01-13,2014,1,0.0,2014,1,13,0.0,0.0,0.0,0.0,26.9,30.3,25.4,14.6,40.0,3
Dengue,2014-01-20,2014,1,401.0,2014,1,20,0.0,0.0,0.0,0.0,25.7,29.1,23.6,11.7,38.2,4
DHF,2014-01-20,2014,1,0.0,2014,1,20,0.0,0.0,0.0,0.0,25.7,29.1,23.6,11.7,38.2,4
Dengue,2014-01-27,2014,1,336.0,2014,1,27,0.0,0.0,0.0,0.0,25.9,29.8,23.8,14.5,37.1,5
DHF,2014-01-27,2014,1,0.0,2014,1,27,0.0,0.0,0.0,0.0,25.9,29.8,23.8,14.5,37.1,5
Dengue,2014-02-03,2014,2,234.0,2014,2,3,0.0,0.0,0.0,0.0,26.1,31.2,22.9,11.3,32.0,6
DHF,2014-02-03,2014,2,0.0,2014,2,3,0.0,0.0,0.0,0.0,26.1,31.2,22.9,11.3,32.0,6
Dengue,2014-02-10,2014,2,273.0,2014,2,10,0.0,0.0,0.0,0.0,27.7,33.8,24.8,10.6,27.0,7
DHF,2014-02-10,2014,2,1.0,2014,2,10,0.0,0.0,0.0,0.0,27.7,33.8,24.8,10.6,27.0,7
Dengue,2014-02-17,2014,2,369.0,2014,2,17,0.0,0.0,0.0,0.0,27.8,31.7,25.6,15.5,33.5,8
DHF,2014-02-17,2014,2,0.0,2014,2,17,0.0,0.0,0.0,0.0,27.8,31.7,25.6,15.5,33.5,8
DHF,2014-02-24,2014,2,1.0,2014,2,24,0.0,0.0,0.0,0.0,27.2,31.5,24.6,15.7,40.0,9
Dengue,2014-02-24,2014,2,193.0,2014,2,24,0.0,0.0,0.0,0.0,27.2,31.5,24.6,15.7,40.0,9
Dengue,2014-03-03,2014,3,186.0,2014,3,3,0.0,0.0,0.0,0.0,27.6,32.9,24.7,12.0,36.0,10
DHF,2014-03-03,2014,3,1.0,2014,3,3,0.0,0.0,0.0,0.0,27.6,32.9,24.7,12.0,36.0,10
Dengue,2014-03-10,2014,3,209.0,2014,3,10,0.0,0.0,0.0,0.0,27.8,32.3,24.9,15.7,41.4,11
DHF,2014-03-10,2014,3,1.0,2014,3,10,0.0,0.0,0.0,0.0,27.8,32.3,24.9,15.7,41.4,11
Dengue,2014-03-17,2014,3,224.0,2014,3,17,5.4,3.6,4.2,5.2,26.3,30.7,24.3,8.9,36.0,12
DHF,2014-03-17,2014,3,1.0,2014,3,17,5.4,3.6,4.2,5.2,26.3,30.7,24.3,8.9,36.0,12
Dengue,2014-03-24,2014,3,210.0,2014,3,24,0.0,0.0,0.0,0.0,28.1,33.0,24.7,11.5,32.8,13
DHF,2014-03-24,2014,3,0.0,2014,3,24,0.0,0.0,0.0,0.0,28.1,33.0,24.7,11.5,32.8,13
Dengue,2014-03-31,2014,3,225.0,2014,3,31,0.0,0.0,0.0,0.0,28.8,33.0,26.6,10.5,36.4,14
DHF,2014-03-31,2014,3,0.0,2014,3,31,0.0,0.0,0.0,0.0,28.8,33.0,26.6,10.5,36.4,14
Dengue,2014-04-07,2014,4,240.0,2014,4,7,10.0,9.8,10.0,10.0,28.6,34.5,25.0,7.6,43.2,15
DHF,2014-04-07,2014,4,0.0,2014,4,7,10.0,9.8,10.0,10.0,28.6,34.5,25.0,7.6,43.2,15
Dengue,2014-04-14,2014,4,244.0,2014,4,14,0.0,0.0,0.0,0.0,28.4,32.6,25.8,7.7,30.2,16
DHF,2014-04-14,2014,4,1.0,2014,4,14,0.0,0.0,0.0,0.0,28.4,32.6,25.8,7.7,30.2,16
DHF,2014-04-21,2014,4,0.0,2014,4,21,5.2,2.0,3.2,5.0,26.6,29.6,24.7,5.3,39.6,17
Dengue,2014-04-21,2014,4,235.0,2014,4,21,5.2,2.0,3.2,5.0,26.6,29.6,24.7,5.3,39.6,17
Dengue,2014-04-28,2014,4,282.0,2014,4,28,0.2,0.2,0.2,0.2,28.6,32.8,26.3,5.9,25.2,18
DHF,2014-04-28,2014,4,0.0,2014,4,28,0.2,0.2,0.2,0.2,28.6,32.8,26.3,5.9,25.2,18
Dengue,2014-05-05,2014,5,251.0,2014,5,5,0.0,0.0,0.0,0.0,29.4,33.1,26.8,9.5,37.8,19
DHF,2014-05-05,2014,5,0.0,2014,5,5,0.0,0.0,0.0,0.0,29.4,33.1,26.8,9.5,37.8,19
Dengue,2014-05-12,2014,5,261.0,2014,5,12,0.4,0.4,0.4,0.4,28.2,31.6,26.5,5.9,35.3,20
DHF,2014-05-12,2014,5,0.0,2014,5,12,0.4,0.4,0.4,0.4,28.2,31.6,26.5,5.9,35.3,20
Dengue,2014-05-19,2014,5,291.0,2014,5,19,7.2,3.8,5.0,5.2,27.2,30.0,23.2,6.9,30.6,21
DHF,2014-05-19,2014,5,0.0,2014,5,19,7.2,3.8,5.0,5.2,27.2,30.0,23.2,6.9,30.6,21
Dengue,2014-05-26,2014,5,427.0,2014,5,26,0.0,0.0,0.0,0.0,28.8,32.4,26.8,6.9,34.2,22
DHF,2014-05-26,2014,5,1.0,2014,5,26,0.0,0.0,0.0,0.0,28.8,32.4,26.8,6.9,34.2,22
Dengue,2014-06-02,2014,6,456.0,2014,6,2,0.0,0.0,0.0,0.0,28.7,31.2,26.6,6.0,24.5,23
DHF,2014-06-02,2014,6,0.0,2014,6,2,0.0,0.0,0.0,0.0,28.7,31.2,26.6,6.0,24.5,23
Dengue,2014-06-09,2014,6,458.0,2014,6,9,0.0,0.0,0.0,0.0,29.4,32.7,27.7,7.0,36.4,24
DHF,2014-06-09,2014,6,1.0,2014,6,9,0.0,0.0,0.0,0.0,29.4,32.7,27.7,7.0,36.4,24
DHF,2014-06-16,2014,6,0.0,2014,6,16,0.0,0.0,0.0,0.0,30.1,32.8,28.3,8.7,30.2,25
Dengue,2014-06-16,2014,6,506.0,2014,6,16,0.0,0.0,0.0,0.0,30.1,32.8,28.3,8.7,30.2,25
Dengue,2014-06-23,2014,6,550.0,2014,6,23,0.0,0.0,0.0,0.0,29.7,33.2,27.5,6.1,28.1,26
DHF,2014-06-23,2014,6,1.0,2014,6,23,0.0,0.0,0.0,0.0,29.7,33.2,27.5,6.1,28.1,26
Dengue,2014-06-30,2014,6,671.0,2014,6,30,2.4,2.0,2.2,2.4,27.6,31.0,24.6,6.9,35.3,27
DHF,2014-06-30,2014,6,0.0,2014,6,30,2.4,2.0,2.2,2.4,27.6,31.0,24.6,6.9,35.3,27
Dengue,2014-07-07,2014,7,888.0,2014,7,7,3.6,3.4,3.4,3.6,28.5,31.5,24.4,6.6,38.2,28
DHF,2014-07-07,2014,7,3.0,2014,7,7,3.6,3.4,3.4,3.6,28.5,31.5,24.4,6.6,38.2,28
Dengue,2014-07-14,2014,7,818.0,2014,7,14,0.0,0.0,0.0,0.0,29.8,32.5,27.6,9.2,28.1,29
DHF,2014-07-14,2014,7,1.0,2014,7,14,0.0,0.0,0.0,0.0,29.8,32.5,27.6,9.2,28.1,29
Dengue,2014-07-21,2014,7,744.0,2014,7,21,0.0,0.0,0.0,0.0,29.5,31.9,27.4,11.2,35.6,30
DHF,2014-07-21,2014,7,2.0,2014,7,21,0.0,0.0,0.0,0.0,29.5,31.9,27.4,11.2,35.6,30
Dengue,2014-07-28,2014,7,633.0,2014,7,28,0.0,0.0,0.0,0.0,29.0,31.9,27.2,8.4,38.9,31
DHF,2014-07-28,2014,7,1.0,2014,7,28,0.0,0.0,0.0,0.0,29.0,31.9,27.2,8.4,38.9,31
Dengue,2014-08-04,2014,8,484.0,2014,8,4,1.2,1.2,1.2,1.2,28.5,30.5,25.2,9.4,36.0,32
DHF,2014-08-04,2014,8,0.0,2014,8,4,1.2,1.2,1.2,1.2,28.5,30.5,25.2,9.4,36.0,32
Dengue,2014-08-11,2014,8,545.0,2014,8,11,0.0,0.0,0.0,0.0,28.1,30.8,26.6,8.4,35.3,33
DHF,2014-08-11,2014,8,0.0,2014,8,11,0.0,0.0,0.0,0.0,28.1,30.8,26.6,8.4,35.3,33
DHF,2014-08-18,2014,8,0.0,2014,8,18,10.4,9.8,9.8,9.8,28.4,31.0,25.2,11.9,46.8,34
Dengue,2014-08-18,2014,8,438.0,2014,8,18,10.4,9.8,9.8,9.8,28.4,31.0,25.2,11.9,46.8,34
Dengue,2014-08-25,2014,8,418.0,2014,8,25,7.2,4.4,4.4,4.6,26.6,30.4,24.2,6.3,44.6,35
DHF,2014-08-25,2014,8,0.0,2014,8,25,7.2,4.4,4.4,4.6,26.6,30.4,24.2,6.3,44.6,35
Dengue,2014-09-01,2014,9,367.0,2014,9,1,0.0,0.0,0.0,0.0,29.1,32.5,26.7,13.3,34.6,36
DHF,2014-09-01,2014,9,0.0,2014,9,1,0.0,0.0,0.0,0.0,29.1,32.5,26.7,13.3,34.6,36
Dengue,2014-09-08,2014,9,339.0,2014,9,8,0.0,0.0,0.0,0.0,28.9,32.0,25.9,7.7,27.0,37
DHF,2014-09-08,2014,9,0.0,2014,9,8,0.0,0.0,0.0,0.0,28.9,32.0,25.9,7.7,27.0,37
Dengue,2014-09-15,2014,9,362.0,2014,9,15,0.0,0.0,0.0,0.0,29.2,32.5,27.2,10.2,38.9,38
DHF,2014-09-15,2014,9,0.0,2014,9,15,0.0,0.0,0.0,0.0,29.2,32.5,27.2,10.2,38.9,38
Dengue,2014-09-22,2014,9,396.0,2014,9,22,0.0,0.0,0.0,0.0,29.0,33.2,25.4,14.6,38.9,39
DHF,2014-09-22,2014,9,1.0,2014,9,22,0.0,0.0,0.0,0.0,29.0,33.2,25.4,14.6,38.9,39
Dengue,2014-09-29,2014,9,344.0,2014,9,29,0.0,0.0,0.0,0.0,28.9,31.3,26.9,11.4,28.4,40
DHF,2014-09-29,2014,9,1.0,2014,9,29,0.0,0.0,0.0,0.0,28.9,31.3,26.9,11.4,28.4,40
Dengue,2014-10-06,2014,10,339.0,2014,10,6,0.0,0.0,0.0,0.0,28.7,31.9,25.8,8.9,28.4,41
DHF,2014-10-06,2014,10,0.0,2014,10,6,0.0,0.0,0.0,0.0,28.7,31.9,25.8,8.9,28.4,41
DHF,2014-10-13,2014,10,0.0,2014,10,13,0.0,0.0,0.0,0.0,29.1,34.1,26.4,7.6,32.8,42
Dengue,2014-10-13,2014,10,278.0,2014,10,13,0.0,0.0,0.0,0.0,29.1,34.1,26.4,7.6,32.8,42
Dengue,2014-10-20,2014,10,297.0,2014,10,20,0.0,0.0,0.0,0.0,28.8,32.5,25.4,9.2,33.5,43
DHF,2014-10-20,2014,10,0.0,2014,10,20,0.0,0.0,0.0,0.0,28.8,32.5,25.4,9.2,33.5,43
Dengue,2014-10-27,2014,10,213.0,2014,10,27,32.8,21.0,28.2,28.2,27.5,32.1,24.4,5.8,34.2,44
DHF,2014-10-27,2014,10,0.0,2014,10,27,32.8,21.0,28.2,28.2,27.5,32.1,24.4,5.8,34.2,44
Dengue,2014-11-03,2014,11,186.0,2014,11,3,0.0,0.0,0.0,0.0,29.6,32.7,26.7,7.2,29.5,45
DHF,2014-11-03,2014,11,0.0,2014,11,3,0.0,0.0,0.0,0.0,29.6,32.7,26.7,7.2,29.5,45
Dengue,2014-11-10,2014,11,168.0,2014,11,10,1.4,1.2,1.2,1.4,27.1,30.0,25.1,6.7,32.8,46
DHF,2014-11-10,2014,11,1.0,2014,11,10,1.4,1.2,1.2,1.4,27.1,30.0,25.1,6.7,32.8,46
Dengue,2014-11-17,2014,11,158.0,2014,11,17,0.2,0.2,0.2,0.2,26.5,32.0,24.7,8.0,40.7,47
DHF,2014-11-17,2014,11,0.0,2014,11,17,0.2,0.2,0.2,0.2,26.5,32.0,24.7,8.0,40.7,47
Dengue,2014-11-24,2014,11,149.0,2014,11,24,1.6,0.8,0.8,0.8,27.7,32.1,24.9,5.8,24.8,48
DHF,2014-11-24,2014,11,0.0,2014,11,24,1.6,0.8,0.8,0.8,27.7,32.1,24.9,5.8,24.8,48
Dengue,2014-12-01,2014,12,162.0,2014,12,1,26.4,22.2,22.8,23.4,26.4,29.8,22.4,4.3,49.7,49
DHF,2014-12-01,2014,12,0.0,2014,12,1,26.4,22.2,22.8,23.4,26.4,29.8,22.4,4.3,49.7,49
DHF,2014-12-08,2014,12,0.0,2014,12,8,0.0,0.0,0.0,0.0,27.0,30.4,24.5,6.3,26.6,50
Dengue,2014-12-08,2014,12,212.0,2014,12,8,0.0,0.0,0.0,0.0,27.0,30.4,24.5,6.3,26.6,50
Dengue,2014-12-15,2014,12,177.0,2014,12,15,0.0,0.0,0.0,0.0,27.9,32.0,25.6,9.1,36.0,51
DHF,2014-12-15,2014,12,0.0,2014,12,15,0.0,0.0,0.0,0.0,27.9,32.0,25.6,9.1,36.0,51
Dengue,2014-12-22,2014,12,198.0,2014,12,22,0.6,0.6,0.6,0.6,26.8,30.1,24.6,5.4,22.0,52
DHF,2014-12-22,2014,12,0.0,2014,12,22,0.6,0.6,0.6,0.6,26.8,30.1,24.6,5.4,22.0,52
Dengue,2014-12-29,2014,12,188.0,2014,12,29,2.0,1.2,1.8,1.8,25.8,28.9,24.2,9.7,37.1,1
DHF,2014-12-29,2014,12,0.0,2014,12,29,2.0,1.2,1.8,1.8,25.8,28.9,24.2,9.7,37.1,1
Dengue,2015-01-05,2014,1,158.0,2015,1,5,0.0,0.0,0.0,0.0,27.8,32.4,25.0,8.6,25.6,2
DHF,2015-01-05,2014,1,0.0,2015,1,5,0.0,0.0,0.0,0.0,27.8,32.4,25.0,8.6,25.6,2
Dengue,2015-01-05,2015,1,256.0,2015,1,5,0.0,0.0,0.0,0.0,27.8,32.4,25.0,8.6,25.6,2
DHF,2015-01-05,2015,1,1.0,2015,1,5,0.0,0.0,0.0,0.0,27.8,32.4,25.0,8.6,25.6,2
Dengue,2015-01-12,2015,1,228.0,2015,1,12,0.0,0.0,0.0,0.0,27.3,30.9,25.4,11.9,33.8,3
DHF,2015-01-12,2015,1,0.0,2015,1,12,0.0,0.0,0.0,0.0,27.3,30.9,25.4,11.9,33.8,3
Dengue,2015-01-19,2015,1,238.0,2015,1,19,0.0,0.0,0.0,0.0,27.0,30.8,24.7,14.0,37.4,4
DHF,2015-01-19,2015,1,0.0,2015,1,19,0.0,0.0,0.0,0.0,27.0,30.8,24.7,14.0,37.4,4
DHF,2015-01-26,2015,1,0.0,2015,1,26,0.0,0.0,0.0,0.0,27.0,30.7,25.0,12.8,34.2,5
Dengue,2015-01-26,2015,1,259.0,2015,1,26,0.0,0.0,0.0,0.0,27.0,30.7,25.0,12.8,34.2,5
Dengue,2015-02-02,2015,2,212.0,2015,2,2,3.4,2.4,2.4,2.4,25.9,29.1,23.8,9.4,35.6,6
DHF,2015-02-02,2015,2,0.0,2015,2,2,3.4,2.4,2.4,2.4,25.9,29.1,23.8,9.4,35.6,6
Dengue,2015-02-09,2015,2,173.0,2015,2,9,0.0,0.0,0.0,0.0,26.9,30.7,25.0,17.4,39.2,7
DHF,2015-02-09,2015,2,0.0,2015,2,9,0.0,0.0,0.0,0.0,26.9,30.7,25.0,17.4,39.2,7
Dengue,2015-02-16,2015,2,98.0,2015,2,16,0.0,0.0,0.0,0.0,27.4,32.0,24.7,13.8,34.2,8
DHF,2015-02-16,2015,2,1.0,2015,2,16,0.0,0.0,0.0,0.0,27.4,32.0,24.7,13.8,34.2,8
Dengue,2015-02-23,2015,2,172.0,2015,2,23,0.0,0.0,0.0,0.0,28.0,33.6,25.2,13.6,36.7,9
DHF,2015-02-23,2015,2,0.0,2015,2,23,0.0,0.0,0.0,0.0,28.0,33.6,25.2,13.6,36.7,9
Dengue,2015-03-02,2015,3,189.0,2015,3,2,0.0,0.0,0.0,0.0,28.3,33.5,25.1,11.1,36.7,10
DHF,2015-03-02,2015,3,1.0,2015,3,2,0.0,0.0,0.0,0.0,28.3,33.5,25.1,11.1,36.7,10
Dengue,2015-03-09,2015,3,110.0,2015,3,9,0.0,0.0,0.0,0.0,28.6,32.4,26.1,11.5,38.5,11
DHF,2015-03-09,2015,3,0.0,2015,3,9,0.0,0.0,0.0,0.0,28.6,32.4,26.1,11.5,38.5,11
Dengue,2015-03-16,2015,3,91.0,2015,3,16,0.0,0.0,0.0,0.0,28.4,32.8,25.9,10.1,25.6,12
DHF,2015-03-16,2015,3,0.0,2015,3,16,0.0,0.0,0.0,0.0,28.4,32.8,25.9,10.1,25.6,12
DHF,2015-03-23,2015,3,1.0,2015,3,23,0.0,0.0,0.0,0.0,28.6,32.9,26.0,11.9,31.7,13
Dengue,2015-03-23,2015,3,129.0,2015,3,23,0.0,0.0,0.0,0.0,28.6,32.9,26.0,11.9,31.7,13
DHF,2015-03-30,2015,3,1.0,2015,3,30,0.0,0.0,0.0,0.0,28.6,33.0,25.5,9.9,34.6,14
Dengue,2015-03-30,2015,3,90.0,2015,3,30,0.0,0.0,0.0,0.0,28.6,33.0,25.5,9.9,34.6,14
Dengue,2015-04-06,2015,4,107.0,2015,4,6,1.6,1.6,1.6,1.6,28.4,33.0,26.0,6.9,24.1,15
DHF,2015-04-06,2015,4,0.0,2015,4,6,1.6,1.6,1.6,1.6,28.4,33.0,26.0,6.9,24.1,15
Dengue,2015-04-13,2015,4,137.0,2015,4,13,0.0,0.0,0.0,0.0,29.3,33.5,26.4,11.0,35.3,16
DHF,2015-04-13,2015,4,0.0,2015,4,13,0.0,0.0,0.0,0.0,29.3,33.5,26.4,11.0,35.3,16
Dengue,2015-04-20,2015,4,113.0,2015,4,20,0.0,0.0,0.0,0.0,28.8,33.1,26.5,5.8,34.6,17
DHF,2015-04-20,2015,4,0.0,2015,4,20,0.0,0.0,0.0,0.0,28.8,33.1,26.5,5.8,34.6,17
Dengue,2015-04-27,2015,4,119.0,2015,4,27,0.4,0.4,0.4,0.4,27.9,32.9,26.2,4.7,29.2,18
DHF,2015-04-27,2015,4,0.0,2015,4,27,0.4,0.4,0.4,0.4,27.9,32.9,26.2,4.7,29.2,18
DHF,2015-05-04,2015,5,0.0,2015,5,4,5.0,4.4,4.8,5.0,27.0,31.1,24.4,5.3,31.3,19
Dengue,2015-05-04,2015,5,135.0,2015,5,4,5.0,4.4,4.8,5.0,27.0,31.1,24.4,5.3,31.3,19
Dengue,2015-05-11,2015,5,157.0,2015,5,11,0.0,0.0,0.0,0.0,29.9,32.8,28.0,14.0,29.5,20
DHF,2015-05-11,2015,5,1.0,2015,5,11,0.0,0.0,0.0,0.0,29.9,32.8,28.0,14.0,29.5,20
Dengue,2015-05-18,2015,5,109.0,2015,5,18,2.4,0.8,1.2,2.2,28.6,32.0,26.3,6.8,38.5,21
DHF,2015-05-18,2015,5,0.0,2015,5,18,2.4,0.8,1.2,2.2,28.6,32.0,26.3,6.8,38.5,21
Dengue,2015-05-25,2015,5,178.0,2015,5,25,0.0,0.0,0.0,0.0,28.8,31.9,26.9,7.0,50.0,22
DHF,2015-05-25,2015,5,2.0,2015,5,25,0.0,0.0,0.0,0.0,28.8,31.9,26.9,7.0,50.0,22
DHF,2015-06-01,2015,6,1.0,2015,6,1,0.0,0.0,0.0,0.0,29.4,33.9,26.3,9.1,30.6,23
Dengue,2015-06-01,2015,6,151.0,2015,6,1,0.0,0.0,0.0,0.0,29.4,33.9,26.3,9.1,30.6,23
Dengue,2015-06-08,2015,6,192.0,2015,6,8,0.0,0.0,0.0,0.0,28.4,30.7,26.4,5.4,29.2,24
DHF,2015-06-08,2015,6,1.0,2015,6,8,0.0,0.0,0.0,0.0,28.4,30.7,26.4,5.4,29.2,24
Dengue,2015-06-15,2015,6,207.0,2015,6,15,3.8,3.8,3.8,3.8,27.7,30.6,24.8,6.3,36.7,25
DHF,2015-06-15,2015,6,0.0,2015,6,15,3.8,3.8,3.8,3.8,27.7,30.6,24.8,6.3,36.7,25
Dengue,2015-06-22,2015,6,240.0,2015,6,22,0.0,0.0,0.0,0.0,30.2,33.2,28.2,13.2,32.8,26
DHF,2015-06-22,2015,6,0.0,2015,6,22,0.0,0.0,0.0,0.0,30.2,33.2,28.2,13.2,32.8,26
Dengue,2015-06-29,2015,6,242.0,2015,6,29,0.0,0.0,0.0,0.0,29.7,32.8,27.1,9.7,31.0,27
DHF,2015-06-29,2015,6,0.0,2015,6,29,0.0,0.0,0.0,0.0,29.7,32.8,27.1,9.7,31.0,27
Dengue,2015-07-06,2015,7,272.0,2015,7,6,0.0,0.0,0.0,0.0,29.5,31.9,28.0,13.8,31.0,28
DHF,2015-07-06,2015,7,0.0,2015,7,6,0.0,0.0,0.0,0.0,29.5,31.9,28.0,13.8,31.0,28
Dengue,2015-07-13,2015,7,263.0,2015,7,13,0.0,0.0,0.0,0.0,29.4,31.5,27.9,13.1,35.3,29
DHF,2015-07-13,2015,7,0.0,2015,7,13,0.0,0.0,0.0,0.0,29.4,31.5,27.9,13.1,35.3,29
Dengue,2015-07-20,2015,7,293.0,2015,7,20,0.0,0.0,0.0,0.0,29.4,32.5,27.5,14.8,35.6,30
DHF,2015-07-20,2015,7,0.0,2015,7,20,0.0,0.0,0.0,0.0,29.4,32.5,27.5,14.8,35.6,30
DHF,2015-07-27,2015,7,0.0,2015,7,27,0.0,0.0,0.0,0.0,29.0,31.4,27.2,11.9,42.5,31
Dengue,2015-07-27,2015,7,250.0,2015,7,27,0.0,0.0,0.0,0.0,29.0,31.4,27.2,11.9,42.5,31
Dengue,2015-08-03,2015,8,226.0,2015,8,3,26.2,15.8,18.6,18.8,26.2,28.7,22.6,7.5,31.3,32
DHF,2015-08-03,2015,8,0.0,2015,8,3,26.2,15.8,18.6,18.8,26.2,28.7,22.6,7.5,31.3,32
Dengue,2015-08-10,2015,8,221.0,2015,8,10,1.0,1.0,1.0,1.0,29.1,32.0,27.2,16.6,41.4,33
DHF,2015-08-10,2015,8,0.0,2015,8,10,1.0,1.0,1.0,1.0,29.1,32.0,27.2,16.6,41.4,33
Dengue,2015-08-17,2015,8,250.0,2015,8,17,0.0,0.0,0.0,0.0,28.7,30.9,26.8,11.0,42.5,34
DHF,2015-08-17,2015,8,0.0,2015,8,17,0.0,0.0,0.0,0.0,28.7,30.9,26.8,11.0,42.5,34
Dengue,2015-08-24,2015,8,225.0,2015,8,24,0.0,0.0,0.0,0.0,28.8,30.7,27.6,14.7,32.4,35
DHF,2015-08-24,2015,8,0.0,2015,8,24,0.0,0.0,0.0,0.0,28.8,30.7,27.6,14.7,32.4,35
Dengue,2015-08-31,2015,8,246.0,2015,8,31,0.0,0.0,0.0,0.0,29.2,32.3,27.4,17.8,41.8,36
DHF,2015-08-31,2015,8,0.0,2015,8,31,0.0,0.0,0.0,0.0,29.2,32.3,27.4,17.8,41.8,36
Dengue,2015-09-07,2015,9,217.0,2015,9,7,0.0,0.0,0.0,0.0,28.9,32.1,26.6,10.5,27.0,37
DHF,2015-09-07,2015,9,0.0,2015,9,7,0.0,0.0,0.0,0.0,28.9,32.1,26.6,10.5,27.0,37
Dengue,2015-09-14,2015,9,303.0,2015,9,14,0.0,0.0,0.0,0.0,28.7,31.3,27.5,11.1,35.6,38
DHF,2015-09-14,2015,9,0.0,2015,9,14,0.0,0.0,0.0,0.0,28.7,31.3,27.5,11.1,35.6,38
DHF,2015-09-21,2015,9,0.0,2015,9,21,0.2,0.2,0.2,0.2,28.9,31.7,27.0,9.7,34.2,39
Dengue,2015-09-21,2015,9,214.0,2015,9,21,0.2,0.2,0.2,0.2,28.9,31.7,27.0,9.7,34.2,39
Dengue,2015-09-28,2015,9,257.0,2015,9,28,2.8,0.8,1.4,2.4,27.8,31.8,24.5,5.7,22.3,40
DHF,2015-09-28,2015,9,0.0,2015,9,28,2.8,0.8,1.4,2.4,27.8,31.8,24.5,5.7,22.3,40
Dengue,2015-10-05,2015,10,236.0,2015,10,5,0.2,0.2,0.2,0.2,28.4,30.9,27.1,6.8,21.6,41
DHF,2015-10-05,2015,10,0.0,2015,10,5,0.2,0.2,0.2,0.2,28.4,30.9,27.1,6.8,21.6,41
Dengue,2015-10-12,2015,10,235.0,2015,10,12,0.0,0.0,0.0,0.0,29.1,33.2,26.6,9.4,34.9,42
DHF,2015-10-12,2015,10,0.0,2015,10,12,0.0,0.0,0.0,0.0,29.1,33.2,26.6,9.4,34.9,42
Dengue,2015-10-19,2015,10,224.0,2015,10,19,0.0,0.0,0.0,0.0,29.5,32.7,27.2,11.0,34.6,43
DHF,2015-10-19,2015,10,0.0,2015,10,19,0.0,0.0,0.0,0.0,29.5,32.7,27.2,11.0,34.6,43
Dengue,2015-10-26,2015,10,246.0,2015,10,26,0.0,0.0,0.0,0.0,29.0,33.6,26.5,8.1,30.2,44
DHF,2015-10-26,2015,10,0.0,2015,10,26,0.0,0.0,0.0,0.0,29.0,33.6,26.5,8.1,30.2,44
Dengue,2015-11-02,2015,11,266.0,2015,11,2,0.2,0.2,0.2,0.2,27.8,32.9,25.8,6.6,29.5,45
DHF,2015-11-02,2015,11,0.0,2015,11,2,0.2,0.2,0.2,0.2,27.8,32.9,25.8,6.6,29.5,45
DHF,2015-11-09,2015,11,0.0,2015,11,9,1.4,1.4,1.4,1.4,28.0,31.8,25.5,6.6,28.4,46
Dengue,2015-11-09,2015,11,198.0,2015,11,9,1.4,1.4,1.4,1.4,28.0,31.8,25.5,6.6,28.4,46
DHF,2015-11-16,2015,11,0.0,2015,11,16,1.6,0.6,0.8,1.0,26.5,28.8,25.3,6.3,31.0,47
Dengue,2015-11-16,2015,11,254.0,2015,11,16,1.6,0.6,0.8,1.0,26.5,28.8,25.3,6.3,31.0,47
Dengue,2015-11-23,2015,11,282.0,2015,11,23,0.0,0.0,0.0,0.0,29.1,33.6,26.2,7.0,26.6,48
DHF,2015-11-23,2015,11,1.0,2015,11,23,0.0,0.0,0.0,0.0,29.1,33.6,26.2,7.0,26.6,48
Dengue,2015-11-30,2015,11,259.0,2015,11,30,25.8,22.2,25.4,25.4,27.6,33.0,24.7,6.0,31.0,49
DHF,2015-11-30,2015,11,0.0,2015,11,30,25.8,22.2,25.4,25.4,27.6,33.0,24.7,6.0,31.0,49
Dengue,2015-12-07,2015,12,356.0,2015,12,7,0.0,0.0,0.0,0.0,28.5,32.4,25.6,10.4,32.8,50
DHF,2015-12-07,2015,12,1.0,2015,12,7,0.0,0.0,0.0,0.0,28.5,32.4,25.6,10.4,32.8,50
Dengue,2015-12-14,2015,12,333.0,2015,12,14,0.4,0.2,0.4,0.4,27.6,31.9,24.1,7.2,27.7,51
DHF,2015-12-14,2015,12,0.0,2015,12,14,0.4,0.2,0.4,0.4,27.6,31.9,24.1,7.2,27.7,51
Dengue,2015-12-21,2015,12,367.0,2015,12,21,0.0,0.0,0.0,0.0,28.7,32.9,26.4,7.2,22.0,52
DHF,2015-12-21,2015,12,0.0,2015,12,21,0.0,0.0,0.0,0.0,28.7,32.9,26.4,7.2,22.0,52
Dengue,2015-12-28,2015,12,457.0,2015,12,28,0.0,0.0,0.0,0.0,28.4,32.5,26.0,10.1,36.4,53
DHF,2015-12-28,2015,12,0.0,2015,12,28,0.0,0.0,0.0,0.0,28.4,32.5,26.0,10.1,36.4,53
Dengue,2016-01-04,2016,1,545.0,2016,1,4,0.0,0.0,0.0,0.0,27.9,31.9,24.7,9.4,29.2,1
DHF,2016-01-04,2016,1,0.0,2016,1,4,0.0,0.0,0.0,0.0,27.9,31.9,24.7,9.4,29.2,1
DHF,2016-01-11,2016,1,0.0,2016,1,11,0.0,0.0,0.0,0.0,28.8,32.5,25.9,10.1,31.0,2
Dengue,2016-01-11,2016,1,620.0,2016,1,11,0.0,0.0,0.0,0.0,28.8,32.5,25.9,10.1,31.0,2
Dengue,2016-01-18,2016,1,636.0,2016,1,18,2.6,2.6,2.6,2.6,28.6,32.5,25.8,9.0,29.9,3
DHF,2016-01-18,2016,1,1.0,2016,1,18,2.6,2.6,2.6,2.6,28.6,32.5,25.8,9.0,29.9,3
Dengue,2016-01-25,2016,1,623.0,2016,1,25,2.6,2.4,2.4,2.6,28.4,32.2,26.6,14.8,64.8,4
DHF,2016-01-25,2016,1,1.0,2016,1,25,2.6,2.4,2.4,2.6,28.4,32.2,26.6,14.8,64.8,4
Dengue,2016-02-01,2016,2,523.0,2016,2,1,0.0,0.0,0.0,0.0,28.9,32.7,26.3,11.2,37.4,5
DHF,2016-02-01,2016,2,2.0,2016,2,1,0.0,0.0,0.0,0.0,28.9,32.7,26.3,11.2,37.4,5
Dengue,2016-02-08,2016,2,419.0,2016,2,8,0.0,0.0,0.0,0.0,27.7,29.7,26.3,14.8,41.8,6
DHF,2016-02-08,2016,2,0.0,2016,2,8,0.0,0.0,0.0,0.0,27.7,29.7,26.3,14.8,41.8,6
Dengue,2016-02-15,2016,2,589.0,2016,2,15,0.0,0.0,0.0,0.0,28.9,32.4,26.5,11.9,34.6,7
DHF,2016-02-15,2016,2,1.0,2016,2,15,0.0,0.0,0.0,0.0,28.9,32.4,26.5,11.9,34.6,7
Dengue,2016-02-22,2016,2,507.0,2016,2,22,0.0,0.0,0.0,0.0,28.2,31.9,25.5,11.9,33.1,8
DHF,2016-02-22,2016,2,4.0,2016,2,22,0.0,0.0,0.0,0.0,28.2,31.9,25.5,11.9,33.1,8
Dengue,2016-02-29,2016,2,411.0,2016,2,29,0.0,0.0,0.0,0.0,28.7,32.0,26.9,16.9,41.8,9
DHF,2016-02-29,2016,2,0.0,2016,2,29,0.0,0.0,0.0,0.0,28.7,32.0,26.9,16.9,41.8,9
DHF,2016-03-07,2016,3,1.0,2016,3,7,0.0,0.0,0.0,0.0,28.5,32.6,26.6,11.9,34.9,10
Dengue,2016-03-07,2016,3,394.0,2016,3,7,0.0,0.0,0.0,0.0,28.5,32.6,26.6,11.9,34.9,10
Dengue,2016-03-14,2016,3,372.0,2016,3,14,0.0,0.0,0.0,0.0,29.2,32.9,27.1,11.9,29.9,11
DHF,2016-03-14,2016,3,1.0,2016,3,14,0.0,0.0,0.0,0.0,29.2,32.9,27.1,11.9,29.9,11
Dengue,2016-03-21,2016,3,301.0,2016,3,21,0.2,0.2,0.2,0.2,29.2,34.1,27.3,9.7,34.2,12
DHF,2016-03-21,2016,3,2.0,2016,3,21,0.2,0.2,0.2,0.2,29.2,34.1,27.3,9.7,34.2,12
Dengue,2016-03-28,2016,3,376.0,2016,3,28,0.0,0.0,0.0,0.0,29.6,34.0,27.0,16.6,38.9,13
DHF,2016-03-28,2016,3,1.0,2016,3,28,0.0,0.0,0.0,0.0,29.6,34.0,27.0,16.6,38.9,13
Dengue,2016-04-04,2016,4,289.0,2016,4,4,6.2,4.2,5.0,6.0,29.2,32.3,27.0,9.4,31.3,14
DHF,2016-04-04,2016,4,2.0,2016,4,4,6.2,4.2,5.0,6.0,29.2,32.3,27.0,9.4,31.3,14
Dengue,2016-04-11,2016,4,221.0,2016,4,11,0.0,0.0,0.0,0.0,29.8,33.5,27.8,6.5,22.0,15
DHF,2016-04-11,2016,4,0.0,2016,4,11,0.0,0.0,0.0,0.0,29.8,33.5,27.8,6.5,22.0,15
Dengue,2016-04-18,2016,4,228.0,2016,4,18,0.0,0.0,0.0,0.0,30.3,34.1,27.2,9.0,29.9,16
DHF,2016-04-18,2016,4,0.0,2016,4,18,0.0,0.0,0.0,0.0,30.3,34.1,27.2,9.0,29.9,16
DHF,2016-04-25,2016,4,0.0,2016,4,25,18.2,12.2,14.2,14.2,28.7,32.6,25.4,5.4,27.0,17
Dengue,2016-04-25,2016,4,242.0,2016,4,25,18.2,12.2,14.2,14.2,28.7,32.6,25.4,5.4,27.0,17
DHF,2016-05-02,2016,5,0.0,2016,5,2,0.0,0.0,0.0,0.0,29.4,33.3,27.8,7.6,34.2,18
Dengue,2016-05-02,2016,5,178.0,2016,5,2,0.0,0.0,0.0,0.0,29.4,33.3,27.8,7.6,34.2,18
Dengue,2016-05-09,2016,5,215.0,2016,5,9,0.0,0.0,0.0,0.0,30.0,34.1,27.0,8.6,35.6,19
DHF,2016-05-09,2016,5,0.0,2016,5,9,0.0,0.0,0.0,0.0,30.0,34.1,27.0,8.6,35.6,19
Dengue,2016-05-16,2016,5,211.0,2016,5,16,31.6,22.4,27.8,31.4,28.5,34.3,24.8,6.1,53.6,20
DHF,2016-05-16,2016,5,0.0,2016,5,16,31.6,22.4,27.8,31.4,28.5,34.3,24.8,6.1,53.6,20
Dengue,2016-05-23,2016,5,198.0,2016,5,23,1.8,1.8,1.8,1.8,29.1,33.2,25.6,7.6,29.2,21
DHF,2016-05-23,2016,5,0.0,2016,5,23,1.8,1.8,1.8,1.8,29.1,33.2,25.6,7.6,29.2,21
Dengue,2016-05-30,2016,5,214.0,2016,5,30,11.0,8.6,9.0,10.0,27.9,31.9,25.0,6.1,33.5,22
DHF,2016-05-30,2016,5,1.0,2016,5,30,11.0,8.6,9.0,10.0,27.9,31.9,25.0,6.1,33.5,22
Dengue,2016-06-06,2016,6,157.0,2016,6,6,0.0,0.0,0.0,0.0,29.7,32.5,27.8,8.6,31.0,23
DHF,2016-06-06,2016,6,1.0,2016,6,6,0.0,0.0,0.0,0.0,29.7,32.5,27.8,8.6,31.0,23
Dengue,2016-06-13,2016,6,192.0,2016,6,13,7.2,6.2,7.2,7.2,28.7,32.0,26.8,5.8,27.7,24
DHF,2016-06-13,2016,6,1.0,2016,6,13,7.2,6.2,7.2,7.2,28.7,32.0,26.8,5.8,27.7,24
DHF,2016-06-20,2016,6,0.0,2016,6,20,0.0,0.0,0.0,0.0,29.0,32.9,25.8,5.8,26.6,25
Dengue,2016-06-20,2016,6,213.0,2016,6,20,0.0,0.0,0.0,0.0,29.0,32.9,25.8,5.8,26.6,25
DHF,2016-06-27,2016,6,0.0,2016,6,27,0.0,0.0,0.0,0.0,28.9,30.6,27.6,7.6,28.1,26
Dengue,2016-06-27,2016,6,234.0,2016,6,27,0.0,0.0,0.0,0.0,28.9,30.6,27.6,7.6,28.1,26
Dengue,2016-07-04,2016,7,245.0,2016,7,4,0.0,0.0,0.0,0.0,30.1,33.0,28.1,13.0,28.1,27
DHF,2016-07-04,2016,7,1.0,2016,7,4,0.0,0.0,0.0,0.0,30.1,33.0,28.1,13.0,28.1,27
Dengue,2016-07-11,2016,7,223.0,2016,7,11,1.4,0.6,0.8,0.8,28.1,30.2,25.4,5.8,44.6,28
DHF,2016-07-11,2016,7,0.0,2016,7,11,1.4,0.6,0.8,0.8,28.1,30.2,25.4,5.8,44.6,28
Dengue,2016-07-18,2016,7,266.0,2016,7,18,44.0,20.2,31.0,42.4,27.3,32.5,24.8,5.4,23.8,29
DHF,2016-07-18,2016,7,0.0,2016,7,18,44.0,20.2,31.0,42.4,27.3,32.5,24.8,5.4,23.8,29
Dengue,2016-07-25,2016,7,219.0,2016,7,25,0.2,0.2,0.2,0.2,27.5,28.8,25.6,6.1,24.5,30
DHF,2016-07-25,2016,7,1.0,2016,7,25,0.2,0.2,0.2,0.2,27.5,28.8,25.6,6.1,24.5,30
Dengue,2016-08-01,2016,8,209.0,2016,8,1,22.2,21.6,22.2,22.2,27.4,30.8,23.3,5.8,34.6,31
DHF,2016-08-01,2016,8,0.0,2016,8,1,22.2,21.6,22.2,22.2,27.4,30.8,23.3,5.8,34.6,31
Dengue,2016-08-08,2016,8,196.0,2016,8,8,0.0,0.0,0.0,0.0,29.6,32.7,27.6,7.6,21.6,32
DHF,2016-08-08,2016,8,1.0,2016,8,8,0.0,0.0,0.0,0.0,29.6,32.7,27.6,7.6,21.6,32
Dengue,2016-08-15,2016,8,219.0,2016,8,15,0.0,0.0,0.0,0.0,29.3,32.3,27.6,10.8,32.4,33
DHF,2016-08-15,2016,8,1.0,2016,8,15,0.0,0.0,0.0,0.0,29.3,32.3,27.6,10.8,32.4,33
DHF,2016-08-22,2016,8,0.0,2016,8,22,0.2,0.2,0.2,0.2,29.2,31.7,27.6,6.1,27.4,34
Dengue,2016-08-22,2016,8,271.0,2016,8,22,0.2,0.2,0.2,0.2,29.2,31.7,27.6,6.1,27.4,34
Dengue,2016-08-29,2016,8,308.0,2016,8,29,10.6,10.2,10.2,10.2,28.9,32.0,26.5,10.4,42.1,35
DHF,2016-08-29,2016,8,0.0,2016,8,29,10.6,10.2,10.2,10.2,28.9,32.0,26.5,10.4,42.1,35
Dengue,2016-09-05,2016,9,238.0,2016,9,5,12.6,9.4,12.2,12.6,27.9,31.3,25.8,5.0,25.6,36
DHF,2016-09-05,2016,9,0.0,2016,9,5,12.6,9.4,12.2,12.6,27.9,31.3,25.8,5.0,25.6,36
Dengue,2016-09-12,2016,9,174.0,2016,9,12,3.4,3.0,3.4,3.4,26.3,28.6,24.1,5.4,37.8,37
DHF,2016-09-12,2016,9,0.0,2016,9,12,3.4,3.0,3.4,3.4,26.3,28.6,24.1,5.4,37.8,37
Dengue,2016-09-19,2016,9,173.0,2016,9,19,15.8,9.8,14.0,15.4,28.3,31.9,23.9,6.1,37.8,38
DHF,2016-09-19,2016,9,0.0,2016,9,19,15.8,9.8,14.0,15.4,28.3,31.9,23.9,6.1,37.8,38
Dengue,2016-09-26,2016,9,135.0,2016,9,26,0.0,0.0,0.0,0.0,28.3,33.3,25.5,6.8,29.9,39
DHF,2016-09-26,2016,9,0.0,2016,9,26,0.0,0.0,0.0,0.0,28.3,33.3,25.5,6.8,29.9,39
Dengue,2016-10-03,2016,10,124.0,2016,10,3,75.4,53.4,73.8,75.4,27.8,31.2,21.6,6.8,51.1,40
DHF,2016-10-03,2016,10,0.0,2016,10,3,75.4,53.4,73.8,75.4,27.8,31.2,21.6,6.8,51.1,40
DHF,2016-10-10,2016,10,0.0,2016,10,10,0.0,0.0,0.0,0.0,29.7,34.2,25.9,7.2,29.5,41
Dengue,2016-10-10,2016,10,94.0,2016,10,10,0.0,0.0,0.0,0.0,29.7,34.2,25.9,7.2,29.5,41
DHF,2016-10-17,2016,10,0.0,2016,10,17,0.0,0.0,0.0,0.0,29.2,32.1,27.4,8.3,32.8,42
Dengue,2016-10-17,2016,10,106.0,2016,10,17,0.0,0.0,0.0,0.0,29.2,32.1,27.4,8.3,32.8,42
Dengue,2016-10-24,2016,10,81.0,2016,10,24,7.0,5.2,6.2,6.2,26.8,30.7,24.6,5.0,40.0,43
DHF,2016-10-24,2016,10,0.0,2016,10,24,7.0,5.2,6.2,6.2,26.8,30.7,24.6,5.0,40.0,43
Dengue,2016-10-31,2016,10,85.0,2016,10,31,0.0,0.0,0.0,0.0,28.8,33.0,25.9,6.1,24.1,44
DHF,2016-10-31,2016,10,0.0,2016,10,31,0.0,0.0,0.0,0.0,28.8,33.0,25.9,6.1,24.1,44
Dengue,2016-11-07,2016,11,82.0,2016,11,7,1.2,0.6,0.8,1.2,26.8,28.7,25.3,5.0,27.7,45
DHF,2016-11-07,2016,11,0.0,2016,11,7,1.2,0.6,0.8,1.2,26.8,28.7,25.3,5.0,27.7,45
Dengue,2016-11-14,2016,11,71.0,2016,11,14,65.6,34.0,52.8,58.2,25.5,27.6,23.2,5.0,39.6,46
DHF,2016-11-14,2016,11,0.0,2016,11,14,65.6,34.0,52.8,58.2,25.5,27.6,23.2,5.0,39.6,46
Dengue,2016-11-21,2016,11,74.0,2016,11,21,0.0,0.0,0.0,0.0,28.6,32.2,26.1,6.5,23.4,47
DHF,2016-11-21,2016,11,1.0,2016,11,21,0.0,0.0,0.0,0.0,28.6,32.2,26.1,6.5,23.4,47
Dengue,2016-11-28,2016,11,86.0,2016,11,28,0.0,0.0,0.0,0.0,27.6,30.0,26.1,7.6,27.4,48
DHF,2016-11-28,2016,11,0.0,2016,11,28,0.0,0.0,0.0,0.0,27.6,30.0,26.1,7.6,27.4,48
Dengue,2016-12-05,2016,12,59.0,2016,12,5,0.8,0.8,0.8,0.8,28.7,32.8,25.6,9.0,27.0,49
DHF,2016-12-05,2016,12,0.0,2016,12,5,0.8,0.8,0.8,0.8,28.7,32.8,25.6,9.0,27.0,49
DHF,2016-12-12,2016,12,0.0,2016,12,12,0.0,0.0,0.0,0.0,28.5,32.4,26.0,9.7,36.7,50
Dengue,2016-12-12,2016,12,81.0,2016,12,12,0.0,0.0,0.0,0.0,28.5,32.4,26.0,9.7,36.7,50
Dengue,2016-12-19,2016,12,70.0,2016,12,19,6.0,3.8,3.8,3.8,28.0,32.5,25.1,8.3,33.5,51
DHF,2016-12-19,2016,12,0.0,2016,12,19,6.0,3.8,3.8,3.8,28.0,32.5,25.1,8.3,33.5,51
Dengue,2016-12-26,2016,12,64.0,2016,12,26,0.0,0.0,0.0,0.0,26.5,30.6,24.1,6.8,28.1,52
DHF,2016-12-26,2016,12,0.0,2016,12,26,0.0,0.0,0.0,0.0,26.5,30.6,24.1,6.8,28.1,52
Dengue,2017-01-02,2017,1,70.0,2017,1,2,0.0,0.0,0.0,0.0,26.6,30.2,25.0,5.4,29.5,1
DHF,2017-01-02,2017,1,0.0,2017,1,2,0.0,0.0,0.0,0.0,26.6,30.2,25.0,5.4,29.5,1
Dengue,2017-01-09,2017,1,90.0,2017,1,9,0.0,0.0,0.0,0.0,28.4,32.6,26.5,10.8,32.8,2
DHF,2017-01-09,2017,1,1.0,2017,1,9,0.0,0.0,0.0,0.0,28.4,32.6,26.5,10.8,32.8,2
Dengue,2017-01-16,2017,1,73.0,2017,1,16,3.0,3.0,3.0,3.0,26.9,31.2,24.4,6.5,27.0,3
DHF,2017-01-16,2017,1,1.0,2017,1,16,3.0,3.0,3.0,3.0,26.9,31.2,24.4,6.5,27.0,3
Dengue,2017-01-23,2017,1,63.0,2017,1,23,60.6,12.8,15.2,20.4,25.1,28.0,23.5,7.6,38.5,4
DHF,2017-01-23,2017,1,0.0,2017,1,23,60.6,12.8,15.2,20.4,25.1,28.0,23.5,7.6,38.5,4
Dengue,2017-01-30,2017,1,62.0,2017,1,30,2.6,1.4,2.2,2.4,26.0,29.0,24.7,7.2,24.5,5
DHF,2017-01-30,2017,1,0.0,2017,1,30,2.6,1.4,2.2,2.4,26.0,29.0,24.7,7.2,24.5,5
DHF,2017-02-06,2017,2,0.0,2017,2,6,5.4,5.2,5.4,5.4,27.2,31.9,24.8,7.9,29.2,6
Dengue,2017-02-06,2017,2,77.0,2017,2,6,5.4,5.2,5.4,5.4,27.2,31.9,24.8,7.9,29.2,6
Dengue,2017-02-13,2017,2,51.0,2017,2,13,1.6,0.4,0.6,0.6,26.6,29.6,24.6,15.1,43.2,7
DHF,2017-02-13,2017,2,2.0,2017,2,13,1.6,0.4,0.6,0.6,26.6,29.6,24.6,15.1,43.2,7
Dengue,2017-02-20,2017,2,54.0,2017,2,20,0.0,0.0,0.0,0.0,27.6,31.0,25.3,12.6,36.7,8
DHF,2017-02-20,2017,2,0.0,2017,2,20,0.0,0.0,0.0,0.0,27.6,31.0,25.3,12.6,36.7,8
Dengue,2017-02-27,2017,2,41.0,2017,2,27,0.0,0.0,0.0,0.0,27.3,30.5,24.8,12.6,35.3,9
DHF,2017-02-27,2017,2,0.0,2017,2,27,0.0,0.0,0.0,0.0,27.3,30.5,24.8,12.6,35.3,9
Dengue,2017-03-06,2017,3,32.0,2017,3,6,0.0,0.0,0.0,0.0,27.2,31.2,24.6,10.1,29.2,10
DHF,2017-03-06,2017,3,0.0,2017,3,6,0.0,0.0,0.0,0.0,27.2,31.2,24.6,10.1,29.2,10
Dengue,2017-03-13,2017,3,34.0,2017,3,13,0.0,0.0,0.0,0.0,27.7,31.2,25.3,9.0,29.5,11
DHF,2017-03-13,2017,3,1.0,2017,3,13,0.0,0.0,0.0,0.0,27.7,31.2,25.3,9.0,29.5,11
Dengue,2017-03-20,2017,3,32.0,2017,3,20,21.4,8.8,9.2,14.2,26.7,28.9,24.1,5.0,23.0,12
DHF,2017-03-20,2017,3,0.0,2017,3,20,21.4,8.8,9.2,14.2,26.7,28.9,24.1,5.0,23.0,12
Dengue,2017-03-27,2017,3,49.0,2017,3,27,5.0,4.8,4.8,4.8,28.5,32.2,24.5,9.0,46.1,13
DHF,2017-03-27,2017,3,1.0,2017,3,27,5.0,4.8,4.8,4.8,28.5,32.2,24.5,9.0,46.1,13
DHF,2017-04-03,2017,4,0.0,2017,4,3,1.4,0.8,0.8,1.2,27.5,30.6,24.8,5.8,29.2,14
Dengue,2017-04-03,2017,4,37.0,2017,4,3,1.4,0.8,0.8,1.2,27.5,30.6,24.8,5.8,29.2,14
Dengue,2017-04-10,2017,4,32.0,2017,4,10,0.0,0.0,0.0,0.0,27.3,29.9,25.7,5.8,24.8,15
DHF,2017-04-10,2017,4,0.0,2017,4,10,0.0,0.0,0.0,0.0,27.3,29.9,25.7,5.8,24.8,15
Dengue,2017-04-17,2017,4,51.0,2017,4,17,0.0,0.0,0.0,0.0,29.1,32.9,26.7,7.6,25.9,16
DHF,2017-04-17,2017,4,0.0,2017,4,17,0.0,0.0,0.0,0.0,29.1,32.9,26.7,7.6,25.9,16
Dengue,2017-04-24,2017,4,37.0,2017,4,24,30.4,17.8,27.2,30.2,27.6,32.1,23.9,7.2,29.5,17
DHF,2017-04-24,2017,4,0.0,2017,4,24,30.4,17.8,27.2,30.2,27.6,32.1,23.9,7.2,29.5,17
Dengue,2017-05-01,2017,5,40.0,2017,5,1,0.0,0.0,0.0,0.0,28.9,31.5,26.4,7.9,29.9,18
DHF,2017-05-01,2017,5,0.0,2017,5,1,0.0,0.0,0.0,0.0,28.9,31.5,26.4,7.9,29.9,18
Dengue,2017-05-08,2017,5,48.0,2017,5,8,0.0,0.0,0.0,0.0,28.4,31.5,25.9,7.6,29.9,19
DHF,2017-05-08,2017,5,0.0,2017,5,8,0.0,0.0,0.0,0.0,28.4,31.5,25.9,7.6,29.9,19
Dengue,2017-05-15,2017,5,48.0,2017,5,15,0.6,0.4,0.6,0.6,28.3,31.4,26.7,8.6,31.3,20
DHF,2017-05-15,2017,5,2.0,2017,5,15,0.6,0.4,0.6,0.6,28.3,31.4,26.7,8.6,31.3,20
Dengue,2017-05-22,2017,5,50.0,2017,5,22,9.8,6.8,8.8,9.0,28.1,30.7,23.6,9.4,33.8,21
DHF,2017-05-22,2017,5,0.0,2017,5,22,9.8,6.8,8.8,9.0,28.1,30.7,23.6,9.4,33.8,21
DHF,2017-05-29,2017,5,0.0,2017,5,29,0.0,0.0,0.0,0.0,29.4,32.1,27.8,10.8,37.4,22
Dengue,2017-05-29,2017,5,66.0,2017,5,29,0.0,0.0,0.0,0.0,29.4,32.1,27.8,10.8,37.4,22
Dengue,2017-06-05,2017,6,62.0,2017,6,5,0.0,0.0,0.0,0.0,29.8,32.3,28.2,10.1,27.4,23
DHF,2017-06-05,2017,6,0.0,2017,6,5,0.0,0.0,0.0,0.0,29.8,32.3,28.2,10.1,27.4,23
Dengue,2017-06-12,2017,6,78.0,2017,6,12,0.0,0.0,0.0,0.0,29.3,32.1,27.0,9.4,25.9,24
DHF,2017-06-12,2017,6,1.0,2017,6,12,0.0,0.0,0.0,0.0,29.3,32.1,27.0,9.4,25.9,24
Dengue,2017-06-19,2017,6,73.0,2017,6,19,0.0,0.0,0.0,0.0,27.8,30.5,24.7,8.3,31.0,25
DHF,2017-06-19,2017,6,0.0,2017,6,19,0.0,0.0,0.0,0.0,27.8,30.5,24.7,8.3,31.0,25
Dengue,2017-06-26,2017,6,75.0,2017,6,26,1.6,1.6,1.6,1.6,27.9,31.5,25.1,7.2,22.3,26
DHF,2017-06-26,2017,6,0.0,2017,6,26,1.6,1.6,1.6,1.6,27.9,31.5,25.1,7.2,22.3,26
Dengue,2017-07-03,2017,7,63.0,2017,7,3,0.0,0.0,0.0,0.0,27.3,28.8,24.8,7.6,34.2,27
DHF,2017-07-03,2017,7,0.0,2017,7,3,0.0,0.0,0.0,0.0,27.3,28.8,24.8,7.6,34.2,27
Dengue,2017-07-10,2017,7,53.0,2017,7,10,0.0,0.0,0.0,0.0,28.6,31.8,26.0,6.1,27.7,28
DHF,2017-07-10,2017,7,0.0,2017,7,10,0.0,0.0,0.0,0.0,28.6,31.8,26.0,6.1,27.7,28
Dengue,2017-07-17,2017,7,51.0,2017,7,17,0.0,0.0,0.0,0.0,28.5,31.4,26.2,10.8,33.1,29
DHF,2017-07-17,2017,7,0.0,2017,7,17,0.0,0.0,0.0,0.0,28.5,31.4,26.2,10.8,33.1,29
DHF,2017-07-24,2017,7,1.0,2017,7,24,0.0,0.0,0.0,0.0,29.3,32.2,27.4,13.3,35.3,30
Dengue,2017-07-24,2017,7,65.0,2017,7,24,0.0,0.0,0.0,0.0,29.3,32.2,27.4,13.3,35.3,30
Dengue,2017-07-31,2017,7,60.0,2017,7,31,0.0,0.0,0.0,0.0,29.1,32.4,27.2,11.5,32.4,31
DHF,2017-07-31,2017,7,0.0,2017,7,31,0.0,0.0,0.0,0.0,29.1,32.4,27.2,11.5,32.4,31
Dengue,2017-08-07,2017,8,56.0,2017,8,7,7.2,5.2,6.2,6.2,28.4,30.5,26.4,11.9,30.2,32
DHF,2017-08-07,2017,8,0.0,2017,8,7,7.2,5.2,6.2,6.2,28.4,30.5,26.4,11.9,30.2,32
Dengue,2017-08-14,2017,8,51.0,2017,8,14,0.2,0.2,0.2,0.2,27.8,30.9,25.6,7.2,35.6,33
DHF,2017-08-14,2017,8,1.0,2017,8,14,0.2,0.2,0.2,0.2,27.8,30.9,25.6,7.2,35.6,33
Dengue,2017-08-21,2017,8,51.0,2017,8,21,0.0,0.0,0.0,0.0,28.8,32.0,27.0,13.0,33.1,34
DHF,2017-08-21,2017,8,1.0,2017,8,21,0.0,0.0,0.0,0.0,28.8,32.0,27.0,13.0,33.1,34
Dengue,2017-08-28,2017,8,33.0,2017,8,28,3.2,3.2,3.2,3.2,28.1,30.8,25.7,8.3,36.0,35
DHF,2017-08-28,2017,8,0.0,2017,8,28,3.2,3.2,3.2,3.2,28.1,30.8,25.7,8.3,36.0,35
Dengue,2017-09-04,2017,9,40.0,2017,9,4,0.4,0.4,0.4,0.4,28.6,31.8,26.3,7.9,38.9,36
DHF,2017-09-04,2017,9,0.0,2017,9,4,0.4,0.4,0.4,0.4,28.6,31.8,26.3,7.9,38.9,36
Dengue,2017-09-11,2017,9,53.0,2017,9,11,14.0,7.4,7.6,7.6,26.9,30.1,24.2,5.8,30.6,37
DHF,2017-09-11,2017,9,0.0,2017,9,11,14.0,7.4,7.6,7.6,26.9,30.1,24.2,5.8,30.6,37
Dengue,2017-09-18,2017,9,58.0,2017,9,18,16.8,8.2,9.4,14.2,26.9,30.3,23.7,7.6,41.0,38
DHF,2017-09-18,2017,9,1.0,2017,9,18,16.8,8.2,9.4,14.2,26.9,30.3,23.7,7.6,41.0,38
DHF,2017-09-25,2017,9,0.0,2017,9,25,0.0,0.0,0.0,0.0,28.9,31.5,27.0,9.0,28.4,39
Dengue,2017-09-25,2017,9,39.0,2017,9,25,0.0,0.0,0.0,0.0,28.9,31.5,27.0,9.0,28.4,39
Dengue,2017-10-02,2017,10,51.0,2017,10,2,0.2,0.2,0.2,0.2,27.9,32.3,25.3,6.5,27.4,40
DHF,2017-10-02,2017,10,1.0,2017,10,2,0.2,0.2,0.2,0.2,27.9,32.3,25.3,6.5,27.4,40
Dengue,2017-10-09,2017,10,55.0,2017,10,9,31.4,29.8,31.0,31.0,27.8,32.5,23.6,6.5,55.1,41
DHF,2017-10-09,2017,10,0.0,2017,10,9,31.4,29.8,31.0,31.0,27.8,32.5,23.6,6.5,55.1,41
Dengue,2017-10-16,2017,10,62.0,2017,10,16,0.0,0.0,0.0,0.0,28.5,31.2,26.8,6.5,28.1,42
DHF,2017-10-16,2017,10,1.0,2017,10,16,0.0,0.0,0.0,0.0,28.5,31.2,26.8,6.5,28.1,42
Dengue,2017-10-23,2017,10,77.0,2017,10,23,0.0,0.0,0.0,0.0,28.0,31.5,24.4,4.7,23.4,43
DHF,2017-10-23,2017,10,0.0,2017,10,23,0.0,0.0,0.0,0.0,28.0,31.5,24.4,4.7,23.4,43
Dengue,2017-10-30,2017,10,62.0,2017,10,30,0.0,0.0,0.0,0.0,26.8,28.5,24.7,6.5,22.3,44
DHF,2017-10-30,2017,10,0.0,2017,10,30,0.0,0.0,0.0,0.0,26.8,28.5,24.7,6.5,22.3,44
Dengue,2017-11-06,2017,11,44.0,2017,11,6,42.6,28.0,34.0,36.8,26.4,29.7,23.1,5.0,33.8,45
DHF,2017-11-06,2017,11,0.0,2017,11,6,42.6,28.0,34.0,36.8,26.4,29.7,23.1,5.0,33.8,45
Dengue,2017-11-13,2017,11,50.0,2017,11,13,4.2,1.8,2.2,3.6,27.6,31.4,24.5,5.8,29.2,46
DHF,2017-11-13,2017,11,0.0,2017,11,13,4.2,1.8,2.2,3.6,27.6,31.4,24.5,5.8,29.2,46
DHF,2017-11-20,2017,11,0.0,2017,11,20,11.2,6.8,7.0,9.4,27.1,31.0,24.5,5.4,22.0,47
Dengue,2017-11-20,2017,11,24.0,2017,11,20,11.2,6.8,7.0,9.4,27.1,31.0,24.5,5.4,22.0,47
Dengue,2017-11-27,2017,11,37.0,2017,11,27,3.4,0.8,1.6,2.4,26.0,27.2,24.6,6.1,22.0,48
DHF,2017-11-27,2017,11,1.0,2017,11,27,3.4,0.8,1.6,2.4,26.0,27.2,24.6,6.1,22.0,48
Dengue,2017-12-04,2017,12,33.0,2017,12,4,14.0,8.2,12.8,13.6,27.0,31.9,24.8,5.4,25.6,49
DHF,2017-12-04,2017,12,1.0,2017,12,4,14.0,8.2,12.8,13.6,27.0,31.9,24.8,5.4,25.6,49
Dengue,2017-12-11,2017,12,40.0,2017,12,11,9.2,2.4,4.0,4.8,27.1,31.1,25.1,8.6,28.4,50
DHF,2017-12-11,2017,12,0.0,2017,12,11,9.2,2.4,4.0,4.8,27.1,31.1,25.1,8.6,28.4,50
Dengue,2017-12-18,2017,12,51.0,2017,12,18,0.4,0.4,0.4,0.4,27.6,30.3,25.8,14.8,41.8,51
DHF,2017-12-18,2017,12,0.0,2017,12,18,0.4,0.4,0.4,0.4,27.6,30.3,25.8,14.8,41.8,51
Dengue,2017-12-25,2017,12,66.0,2017,12,25,23.0,13.0,13.0,19.2,26.6,30.6,24.0,6.8,25.6,52
DHF,2017-12-25,2017,12,0.0,2017,12,25,23.0,13.0,13.0,19.2,26.6,30.6,24.0,6.8,25.6,52
Dengue,2018-01-01,2018,1,83.0,2018,1,1,32.2,6.0,11.6,13.4,24.8,26.7,23.6,5.4,36.0,1
DHF,2018-01-01,2018,1,0.0,2018,1,1,32.2,6.0,11.6,13.4,24.8,26.7,23.6,5.4,36.0,1
Dengue,2018-01-08,2018,1,68.0,2018,1,8,45.8,24.4,35.0,45.4,26.4,30.3,23.4,6.5,26.6,2
DHF,2018-01-08,2018,1,0.0,2018,1,8,45.8,24.4,35.0,45.4,26.4,30.3,23.4,6.5,26.6,2
DHF,2018-01-15,2018,1,0.0,2018,1,15,1.4,0.4,0.8,1.0,25.2,29.1,22.4,7.2,27.4,3
Dengue,2018-01-15,2018,1,54.0,2018,1,15,1.4,0.4,0.8,1.0,25.2,29.1,22.4,7.2,27.4,3
Dengue,2018-01-22,2018,1,45.0,2018,1,22,5.6,5.6,5.6,5.6,27.5,32.7,24.9,6.8,28.4,4
DHF,2018-01-22,2018,1,0.0,2018,1,22,5.6,5.6,5.6,5.6,27.5,32.7,24.9,6.8,28.4,4
Dengue,2018-01-29,2018,1,48.0,2018,1,29,0.0,0.0,0.0,0.0,27.7,33.2,24.9,8.3,31.0,5
DHF,2018-01-29,2018,1,0.0,2018,1,29,0.0,0.0,0.0,0.0,27.7,33.2,24.9,8.3,31.0,5
Dengue,2018-02-05,2018,2,50.0,2018,2,5,0.0,0.0,0.0,0.0,27.1,30.6,25.0,13.7,40.3,6
DHF,2018-02-05,2018,2,0.0,2018,2,5,0.0,0.0,0.0,0.0,27.1,30.6,25.0,13.7,40.3,6
Dengue,2018-02-12,2018,2,28.0,2018,2,12,0.0,0.0,0.0,0.0,27.2,31.2,24.9,15.1,39.6,7
DHF,2018-02-12,2018,2,0.0,2018,2,12,0.0,0.0,0.0,0.0,27.2,31.2,24.9,15.1,39.6,7
Dengue,2018-02-19,2018,2,38.0,2018,2,19,0.0,0.0,0.0,0.0,27.5,32.2,24.7,13.3,37.1,8
DHF,2018-02-19,2018,2,1.0,2018,2,19,0.0,0.0,0.0,0.0,27.5,32.2,24.7,13.3,37.1,8
Dengue,2018-02-26,2018,2,51.0,2018,2,26,0.0,0.0,0.0,0.0,27.5,31.1,25.7,13.0,34.6,9
DHF,2018-02-26,2018,2,0.0,2018,2,26,0.0,0.0,0.0,0.0,27.5,31.1,25.7,13.0,34.6,9
Dengue,2018-03-05,2018,3,37.0,2018,3,5,0.0,0.0,0.0,0.0,28.6,33.4,26.1,12.2,33.8,10
DHF,2018-03-05,2018,3,0.0,2018,3,5,0.0,0.0,0.0,0.0,28.6,33.4,26.1,12.2,33.8,10
DHF,2018-03-12,2018,3,2.0,2018,3,12,0.0,0.0,0.0,0.0,28.0,31.8,25.6,11.2,32.8,11
Dengue,2018-03-12,2018,3,37.0,2018,3,12,0.0,0.0,0.0,0.0,28.0,31.8,25.6,11.2,32.8,11
Dengue,2018-03-19,2018,3,36.0,2018,3,19,0.0,0.0,0.0,0.0,28.9,33.7,25.9,11.2,30.6,12
DHF,2018-03-19,2018,3,0.0,2018,3,19,0.0,0.0,0.0,0.0,28.9,33.7,25.9,11.2,30.6,12
Dengue,2018-03-26,2018,3,24.0,2018,3,26,0.0,0.0,0.0,0.0,28.5,32.9,25.9,10.1,36.0,13
DHF,2018-03-26,2018,3,0.0,2018,3,26,0.0,0.0,0.0,0.0,28.5,32.9,25.9,10.1,36.0,13
Dengue,2018-04-02,2018,4,38.0,2018,4,2,0.0,0.0,0.0,0.0,28.5,33.0,26.0,9.7,31.7,14
DHF,2018-04-02,2018,4,0.0,2018,4,2,0.0,0.0,0.0,0.0,28.5,33.0,26.0,9.7,31.7,14
Dengue,2018-04-09,2018,4,38.0,2018,4,9,0.0,0.0,0.0,0.0,29.1,33.7,26.8,14.8,38.2,15
DHF,2018-04-09,2018,4,0.0,2018,4,9,0.0,0.0,0.0,0.0,29.1,33.7,26.8,14.8,38.2,15
Dengue,2018-04-16,2018,4,56.0,2018,4,16,1.6,0.8,0.8,1.0,26.6,30.2,25.5,5.4,28.1,16
DHF,2018-04-16,2018,4,0.0,2018,4,16,1.6,0.8,0.8,1.0,26.6,30.2,25.5,5.4,28.1,16
Dengue,2018-04-23,2018,4,55.0,2018,4,23,7.4,6.0,6.2,6.2,27.6,32.0,25.7,5.0,35.3,17
DHF,2018-04-23,2018,4,1.0,2018,4,23,7.4,6.0,6.2,6.2,27.6,32.0,25.7,5.0,35.3,17
Dengue,2018-04-30,2018,4,74.0,2018,4,30,4.6,4.6,4.6,4.6,29.1,33.5,24.9,10.8,44.6,18
DHF,2018-04-30,2018,4,3.0,2018,4,30,4.6,4.6,4.6,4.6,29.1,33.5,24.9,10.8,44.6,18
DHF,2018-05-07,2018,5,0.0,2018,5,7,0.0,0.0,0.0,0.0,29.5,32.8,26.3,9.4,31.3,19
Dengue,2018-05-07,2018,5,62.0,2018,5,7,0.0,0.0,0.0,0.0,29.5,32.8,26.3,9.4,31.3,19
DHF,2018-05-14,2018,5,1.0,2018,5,14,0.0,0.0,0.0,0.0,28.9,32.6,26.5,8.3,25.2,20
Dengue,2018-05-14,2018,5,63.0,2018,5,14,0.0,0.0,0.0,0.0,28.9,32.6,26.5,8.3,25.2,20
Dengue,2018-05-21,2018,5,64.0,2018,5,21,1.0,1.0,1.0,1.0,28.8,32.2,26.0,6.5,22.0,21
DHF,2018-05-21,2018,5,1.0,2018,5,21,1.0,1.0,1.0,1.0,28.8,32.2,26.0,6.5,22.0,21
Dengue,2018-05-28,2018,5,52.0,2018,5,28,47.4,31.4,40.6,46.0,27.4,29.3,24.0,6.8,25.6,22
DHF,2018-05-28,2018,5,2.0,2018,5,28,47.4,31.4,40.6,46.0,27.4,29.3,24.0,6.8,25.6,22
Dengue,2018-06-04,2018,6,75.0,2018,6,4,0.4,0.4,0.4,0.4,29.7,32.5,26.5,7.9,23.0,23
DHF,2018-06-04,2018,6,0.0,2018,6,4,0.4,0.4,0.4,0.4,29.7,32.5,26.5,7.9,23.0,23
Dengue,2018-06-11,2018,6,55.0,2018,6,11,0.0,0.0,0.0,0.0,30.2,33.1,28.3,13.7,35.3,24
DHF,2018-06-11,2018,6,0.0,2018,6,11,0.0,0.0,0.0,0.0,30.2,33.1,28.3,13.7,35.3,24
Dengue,2018-06-18,2018,6,59.0,2018,6,18,9.4,9.4,9.4,9.4,28.4,31.3,23.9,8.3,47.2,25
DHF,2018-06-18,2018,6,2.0,2018,6,18,9.4,9.4,9.4,9.4,28.4,31.3,23.9,8.3,47.2,25
Dengue,2018-06-25,2018,6,75.0,2018,6,25,15.2,7.2,12.0,13.2,26.8,29.4,23.2,5.8,29.2,26
DHF,2018-06-25,2018,6,1.0,2018,6,25,15.2,7.2,12.0,13.2,26.8,29.4,23.2,5.8,29.2,26
Dengue,2018-07-02,2018,7,56.0,2018,7,2,0.0,0.0,0.0,0.0,27.5,30.9,25.7,5.4,39.6,27
DHF,2018-07-02,2018,7,2.0,2018,7,2,0.0,0.0,0.0,0.0,27.5,30.9,25.7,5.4,39.6,27
DHF,2018-07-09,2018,7,0.0,2018,7,9,0.0,0.0,0.0,0.0,28.8,31.2,27.1,11.9,33.8,28
Dengue,2018-07-09,2018,7,44.0,2018,7,9,0.0,0.0,0.0,0.0,28.8,31.2,27.1,11.9,33.8,28
Dengue,2018-07-16,2018,7,41.0,2018,7,16,0.0,0.0,0.0,0.0,29.0,31.8,27.1,11.9,31.7,29
DHF,2018-07-16,2018,7,0.0,2018,7,16,0.0,0.0,0.0,0.0,29.0,31.8,27.1,11.9,31.7,29
Dengue,2018-07-23,2018,7,56.0,2018,7,23,0.0,0.0,0.0,0.0,29.7,33.0,28.0,14.8,41.0,30
DHF,2018-07-23,2018,7,0.0,2018,7,23,0.0,0.0,0.0,0.0,29.7,33.0,28.0,14.8,41.0,30
Dengue,2018-07-30,2018,7,50.0,2018,7,30,4.8,3.6,4.6,4.8,27.4,29.5,24.0,8.3,34.2,31
DHF,2018-07-30,2018,7,1.0,2018,7,30,4.8,3.6,4.6,4.8,27.4,29.5,24.0,8.3,34.2,31
Dengue,2018-08-06,2018,8,59.0,2018,8,6,0.0,0.0,0.0,0.0,28.8,31.3,27.1,13.0,33.5,32
DHF,2018-08-06,2018,8,0.0,2018,8,6,0.0,0.0,0.0,0.0,28.8,31.3,27.1,13.0,33.5,32
Dengue,2018-08-13,2018,8,42.0,2018,8,13,0.0,0.0,0.0,0.0,29.6,32.4,27.9,13.3,34.9,33
DHF,2018-08-13,2018,8,1.0,2018,8,13,0.0,0.0,0.0,0.0,29.6,32.4,27.9,13.3,34.9,33
Dengue,2018-08-20,2018,8,66.0,2018,8,20,0.0,0.0,0.0,0.0,29.4,33.0,27.5,15.5,38.2,34
DHF,2018-08-20,2018,8,2.0,2018,8,20,0.0,0.0,0.0,0.0,29.4,33.0,27.5,15.5,38.2,34
DHF,2018-08-27,2018,8,0.0,2018,8,27,0.0,0.0,0.0,0.0,29.1,32.7,26.5,12.6,36.7,35
Dengue,2018-08-27,2018,8,75.0,2018,8,27,0.0,0.0,0.0,0.0,29.1,32.7,26.5,12.6,36.7,35
DHF,2018-09-03,2018,9,1.0,2018,9,3,2.6,2.0,2.0,2.2,27.7,30.1,23.5,7.9,40.0,36
Dengue,2018-09-03,2018,9,75.0,2018,9,3,2.6,2.0,2.0,2.2,27.7,30.1,23.5,7.9,40.0,36
Dengue,2018-09-10,2018,9,49.0,2018,9,10,2.4,2.0,2.2,2.2,27.3,31.2,25.9,6.5,37.1,37
DHF,2018-09-10,2018,9,0.0,2018,9,10,2.4,2.0,2.2,2.2,27.3,31.2,25.9,6.5,37.1,37
Dengue,2018-09-17,2018,9,63.0,2018,9,17,0.0,0.0,0.0,0.0,28.9,31.6,27.0,14.8,34.9,38
DHF,2018-09-17,2018,9,0.0,2018,9,17,0.0,0.0,0.0,0.0,28.9,31.6,27.0,14.8,34.9,38
Dengue,2018-09-24,2018,9,40.0,2018,9,24,0.0,0.0,0.0,0.0,28.9,32.1,26.1,11.5,30.6,39
DHF,2018-09-24,2018,9,0.0,2018,9,24,0.0,0.0,0.0,0.0,28.9,32.1,26.1,11.5,30.6,39
Dengue,2018-10-01,2018,10,51.0,2018,10,1,0.0,0.0,0.0,0.0,29.5,33.1,27.4,14.0,36.4,40
DHF,2018-10-01,2018,10,0.0,2018,10,1,0.0,0.0,0.0,0.0,29.5,33.1,27.4,14.0,36.4,40
Dengue,2018-10-08,2018,10,51.0,2018,10,8,4.8,3.8,3.8,3.8,27.4,31.5,25.3,5.8,29.2,41
DHF,2018-10-08,2018,10,0.0,2018,10,8,4.8,3.8,3.8,3.8,27.4,31.5,25.3,5.8,29.2,41
Dengue,2018-10-15,2018,10,60.0,2018,10,15,0.0,0.0,0.0,0.0,28.0,32.2,24.6,5.8,23.8,42
DHF,2018-10-15,2018,10,2.0,2018,10,15,0.0,0.0,0.0,0.0,28.0,32.2,24.6,5.8,23.8,42
Dengue,2018-10-22,2018,10,78.0,2018,10,22,0.0,0.0,0.0,0.0,28.7,32.2,25.1,9.0,35.6,43
DHF,2018-10-22,2018,10,0.0,2018,10,22,0.0,0.0,0.0,0.0,28.7,32.2,25.1,9.0,35.6,43
DHF,2018-10-29,2018,10,0.0,2018,10,29,0.4,0.4,0.4,0.4,27.9,32.4,25.5,5.8,37.8,44
Dengue,2018-10-29,2018,10,74.0,2018,10,29,0.4,0.4,0.4,0.4,27.9,32.4,25.5,5.8,37.8,44
Dengue,2018-11-05,2018,11,71.0,2018,11,5,0.4,0.4,0.4,0.4,27.8,31.8,25.7,5.0,18.7,45
DHF,2018-11-05,2018,11,0.0,2018,11,5,0.4,0.4,0.4,0.4,27.8,31.8,25.7,5.0,18.7,45
Dengue,2018-11-12,2018,11,78.0,2018,11,12,12.4,12.2,12.4,12.4,27.5,32.5,24.5,5.4,33.8,46
DHF,2018-11-12,2018,11,0.0,2018,11,12,12.4,12.2,12.4,12.4,27.5,32.5,24.5,5.4,33.8,46
Dengue,2018-11-19,2018,11,97.0,2018,11,19,20.6,19.4,19.8,20.6,26.9,31.8,23.6,5.0,32.4,47
DHF,2018-11-19,2018,11,0.0,2018,11,19,20.6,19.4,19.8,20.6,26.9,31.8,23.6,5.0,32.4,47
Dengue,2018-11-26,2018,11,109.0,2018,11,26,14.4,13.4,13.4,13.4,27.5,31.9,23.9,5.4,29.9,48
DHF,2018-11-26,2018,11,0.0,2018,11,26,14.4,13.4,13.4,13.4,27.5,31.9,23.9,5.4,29.9,48
Dengue,2018-12-03,2018,12,113.0,2018,12,3,2.6,1.4,2.0,2.4,26.9,30.7,25.5,5.0,22.0,49
DHF,2018-12-03,2018,12,1.0,2018,12,3,2.6,1.4,2.0,2.4,26.9,30.7,25.5,5.0,22.0,49
Dengue,2018-12-10,2018,12,107.0,2018,12,10,0.2,0.2,0.2,0.2,27.4,31.6,25.9,6.1,37.4,50
DHF,2018-12-10,2018,12,1.0,2018,12,10,0.2,0.2,0.2,0.2,27.4,31.6,25.9,6.1,37.4,50
Dengue,2018-12-17,2018,12,127.0,2018,12,17,0.0,0.0,0.0,0.0,27.3,30.6,25.0,6.8,45.0,51
DHF,2018-12-17,2018,12,1.0,2018,12,17,0.0,0.0,0.0,0.0,27.3,30.6,25.0,6.8,45.0,51
Dengue,2018-12-24,2018,12,160.0,2018,12,24,0.0,0.0,0.0,0.0,28.1,32.2,25.2,7.6,27.0,52
DHF,2018-12-24,2018,12,0.0,2018,12,24,0.0,0.0,0.0,0.0,28.1,32.2,25.2,7.6,27.0,52
